title,artist,releaseID
Pere Cochon (I Like It),Pascal's Bongo Massive,55621
Methods Of Control EP,Absorb Project,161855
House The Party,Stressman,95135
Don't Put Up Wit Dat,Rob Pearson,2561075
Juicy Choons,Various,983006
Wanna Dance With You,Gloria Weems,540151
Move Your Body,101,136856
Lemany / Mologo,Unknown Artist,1585286
Rock The House,Ron Nelson (9),8300033
No Repetitive Beats (Clause 58 Government Criminal Justice Bill) Dub EP,Various,225225
No. 2,Ungummi Orchäster,5443944
Aquadeep EP,Freshman,9739283
African Punch,Kende Kobina,520308
House Union E.P.,Watanabe,49378
Let This World Be / Always True,Precision Cuts,312909
Soulnessless EP 1 (K-S.H.E Remixes),Terre Thaemlitz,3741457
Down By Law,Elevator Man,2360435
The Wind,Urban Heads,2074392
House de la Casa,Carlo,19936225
Stereolize,Scoff Boys,106836
Leyla,Latin Force,1114962
Like Life,Lifelike,252175
Future,Freetoyish,4511987
Pacific Melody,Antony,200864
A Te Ti Piace Dalla / A-Rab-Rab,Gianni Giannini,6160491
West Indies Attitude,W.I.A,12703762
Has Been / Smurky,Terry Francis,161427
Deep Murky Vibes Volume One,African Dubbs,361744
Disco,Factor E,162304
Still (Dance Mixes),Tamia,335678
Trip Tropical / Fugitivos De Azul,Viva Voz,5175016
Flobadob,Nathan Coles,84954
Hazme Soñar,Morenas,123401
Can't Wait,Funkydory,1133745
Pull Up To The Bumper,A.M. City,479875
Let The Passion Pump,Various,1334732
Parang Soca Fun,Sharlene Flores,13899097
It's Gotta B Funky,The Renegades,476377
Burning / Gonna Love You,Cobalt 60,712017
100% Pure Underground Basics Volume 1,Backroom Productions,94644
D'après la Trilogie de Marcel Pagnol ,Rapagnol,8887839
Believe Me,Tube,517477
J'Ai Un Cocotier Dans La Tête,Gérard Entremont,12004238
Claudia,Claudia,5830529
Nobody Else (Remix) / Don't Walk Away,Gonzalo,14861178
Platform Planet Earth EP,Project Blues Brothers,317808
Backlash EP,Random Method,6379
The Sound,Experience,470163
Finest,Unique 2 Rhythm,911210
Warehouse (Days Of Glory),New Deep Society,6523199
Sakajé Mwen,Anik Et Janklod,2688142
Groupe Allou Cherkia,Groupe Allou Cherkia,15899505
Cocoon,Ralph Jandačka,16606896
Just A Game,Demarkus Lewis,415275
Snowmaker / Ray Of Sunshine,Ethan,825772
She's Nice,Sounds Unlimited,2076752
Fears,Shuffle Progression,1034799
Dreams EP,The Neverending Dreams,210957
Save The Elephants,A.C.,1496188
Stay Close EP,Party Rockin' Productions,932570
Don't Need It (Don't Want It),Global State,626404
Time & Freedom EP,The Lock Brothers,932357
Wake Up,Darren Roach & Sebastian Vronski,12899689
Emergency On Planet Earth,Various,10475874
House Of Afrika,Rap Two,1970364
My Secret Memory / Story No. 1,Pain,96216
Muniengue Muniengue / Bayembi,M'Bamina,24502073
Out Of My Mind,Juicy Peach,11847613
Earth & Green,Random Method,225782
Massive Club Hits,Various,14221952
Mambo,Big Bambino,855280
Galgenberg-Suite,Various,12257809
I Will Survive (1993 Remix),Gloria Gaynor,768703
Disco,Factor E,162304
Trans Africa Train,Michel Barth,5812595
Club Crusty Vol. 1,Various,193958
San Juan / Crank It Up,Shock,2088587
Gabinete Now !,Gabinete Now !,2862769
Cherche Encore,Jean-Karl Dikoto Mandengue,2059094
La Vie Continue..,Fragile On The Rocks,1827486
I'm Coming Up,Love Boutique,454707
Caribbean Escape,Thomas Morton,9259898
Se Mi Rompi Non Ci Sto,Lara Orfei,3398268
Don't Go Nowhere / Pay The Price,The Paragons,5574221
Chasing Clouds,Solitaire,746957
Somebody Already Broke My Heart / Hot In Herre,Sade,1241929
Boom Remix,The Rappers,5000525
Férias Grandes,Onda Choc,7258176
Point Of You,Hubbub,6222718
Moondance,Quadrophonia,254730
Move On,Sugar Man,23787164
Work!!,CR°²,60705
Sailor On The Road / Girl Of My Dreams,Curtis Cary,3838058
Raaga! Go Man Go,Balbir Bobby,15917788
Tribal Activity (Remix),Corrado,653173
Inside Tips For Healthy Sex,DJ Spun,205983
Return To The Frog's Forest,Franck C.,199772
Pythia's Last Dream,Palyrria,1837929
Good Luv,Xaviera Gold,146965
Fall Down / Freedom,Punching,113345
Music Movement,Gianni Maselli,2353375
Hero Of Cairo,Master T,4248406
People Smile,Love City,9444338
Follow Me,Off Line,141824
Sun On Africa,Peter Yamson,6576777
All Around The Sound,Paris By Air,1174798
Good Tymz,Romanthony,207523
Tide Rising E.P.,Spincycle,254476
Secret,Houria,9656824
Requiem Pour Un Con...,Lili White,6604369
Audio Lemon,Paterson & Price,402236
Redlight,Fafa Monteco,417304
Ballistic EP,Electronic Bizarre,225999
World Piece,Various,13124106
Fever,Saxxy,2216779
Mysterious,Robert Del Buono,3761489
Baja,Mascara,236793
Vargas Girl Ep,Vargas Girl,5786179
Deepfield,Various,561613
Fear Of Flying,Daniele Gas,674098
Madame Mars,Bronx Dogs,100648
The Sex E.P.,W.I.N.K.,521099
A-Sh Lo Baby,Dare 2B Different,11811279
Musica Stellare,Fiorella Terenzi,7370005
The Bang EP,U.S.E.,349658
Democracia Pá Africa,Cocktail Des Iles,14684445
Check The Vibe,Richie Boy,9826358
I've Got Your Love,L.A.N.D.R.O. & Co.,227446
Incidental Beats,People On Process,97662
Natural Man,Jade,15378800
Snowblind,Benz & MD,245250
Electro Pop / Party People,C-Dock,661090
Pure Green,DJ Keith Dyce,330338
Dirty Bomb,Meltdown,208121
Nairobi,Unreal,1344005
Natural High (The Remixes),Sound Environment,125681
Strangler (Vaherile Vavasati Epitori),Kotopo,9008894
Ride The Groove,Sierra,198947
Rayo De Sol (Sunshine) / Cielo (Heaven),Espiritu Materializado,4691699
Consciousness EP,Richard Saint,52508
Let The Music Play,Selda,6330663
Burning Chrome,Skeleton Crew,78643
Desire / Riva,X-Large,173570
Dance Floor,The Digital Pimps,2032550
Cosmic Love EP,DJ Lucci,1679977
Part One,Da Cuban Heelz,2874869
Freed From Desire (The Remixes),PDS,24935
Balarama,Madhava,187431
Dub Wa Crazy Vol.3,Dub Master X,8639871
Midnight Run,Vista,721960
Please Send My Message,Chikita Lamula,14970533
Mixed Rhythm,Ralphael,10282046
Dynagrooves EP,Fabrizio Minozzi,12391529
Tekno,Teknokrat's,657456
Passion E.P.,Groove Corporation,71763
No White Peaks,Peter Cushing,1571298
Es El Rithmo Latino,Arnold Power,1452472
Three Ism Two,Various,12472347
Time To Move,Preacher Man,196138
Listen It's A Mutha Vol. 1,2 High,72479
E.P.,Katana,164727
Modular EP,Blue Noise,27934
Inside Out,In Full Effect,172092
Spitfire EP,The Spitfire Project,1350231
Kmon-Sebe,Kassaby Déhé,6515117
Juice Stop,Midas,170635
Destiny,50%,3144984
Passion Eterna,Dee Sign,995139
Someone To Love,Tekeela,7576457
"In discoteca con ""L'Uranus 2""",Sergio Prandelli,7751190
The Warning,Three-D,550704
T'es Haut,Jean Falissard,14104533
Downhome,G & O,485507
Diversions EP,Principle Skinner,100045
Flight,Jai-Zed,29673
More Deeper Still E.P.,JM Easy,192120
Weekend Tweakin',Benandusonia,10380787
Come On,Full Bandwidth,2254884
Don't You Wanna Be Free,MC Fresh,248058
Disco Exprezzion,Natural Exprezzion,1133682
Heaven Sent,Ramada,1759667
Over Me,JK Lloyd,332753
Hold On U,The Son,15509
I've Got The Music,Ozone,9959800
Mach 1 Harmonie,Pascal Alner,8414504
Inside,Silky Rhythm,1278129
Megatrax Vol. 2,Hit Squad,16207352
The Question,Cult Status,674010
Took My Love Away,Nasty-B,1182512
Kalahari Sunrise / So Beautiful,Nylosphere,3062584
Flytrap,The Quest,333140
You Gotta Be Movin',Love Tools,293428
Arrival,Dulwich Village,1059933
Hey Morena,Vlú,6918717
Canta En Español,Terry Wood,8279439
Spanish Lullaby,Secret Life,109831
Gonna Dance,Vivian Norris,797536
Go Ahead London,Rapino Brothers Versus Trip Ship,9808103
Habibi,Upadhmaniya,70268
The Mood Witness EP,Channel Klirr,90036
House The Party,Stressman,95135
More Deeper Still E.P.,JM Easy,192120
